contig_id	contig_length	kmer_freq	prediction_type	confidence_level	confidence_reason	repeat_length	repeat_count	repeat_n_freq	repeat_mode_base_freq	repeat_seq
FJ_XM_contig_23630186	184616	1	DTR	high	HMM-based completeness (lower-bound) > 90%	127	2	0	0.37007874	CGGCCATTGGCGCGGTTACGACTCGCGGAACAGTGTGCGCCTACAATTCCACTTTCGGCACGGCGACGCTGGCAGAGGTGGCAGGCGGGGATGCGCTGACGCCGAAGAACCTGGCTAAGGTGGCTGA
SD_QD_contig_4707579	133749	1	DTR	not-determined	NA	127	2	0	0.283464567	GACGTATTAGCCTCACTATTAATTTCGAGATCGGATGAGTTAATTTCATAAGCCCCCGACTGCGAAGCCTGTTCCTCAATGTCATAGGTCTCGGATGATATAAGTACCGTATCCCCTCCGTAAACCA
FJ_XM_contig_19801164	111369	1	DTR	high	AAI-based completeness > 90%	114	2	0	0.429824561	ATGACAGAAAGTGAAAAGTTTTTAGATAAAATACTAACCTATGTAGATGATAATGATAAGCATTGGTTTAAGTGCCATAAAGCAGACATAAGGGCTTATGCAAAAATATATCAT
HN_SY_contig_20673129||full	96472	1	DTR	medium	AAI-based completeness > 80%	127	2	0	0.362204724	ACCCTGTCGTCGGTGGACATCTACCTGGATGGGACACTGGCCTGGACTAGTGGGGCCCCGACGGGCGATCACAGCGGGCGTACGAGGCCCGTATCCGACGCACAGGGTTACTGGCTCTACGCGTGGG
FJ_XM_contig_17914722	95240	1	DTR	high	AAI-based completeness > 90%	127	2	0	0.377952756	CGGAAGAAGCCGAAGAGCAGGAAGAAGAGGAAGAGGAAAAGCCGCGTAAGAAGCGTGGTCGTCCTGCCAAGAAAGCTGTAAAGGAAGATCCGAAACCCACCAACGATAATGACGGTGATGATTTCGA
ZJ_WZ_contig_27245864	93183	1	DTR	high	AAI-based completeness > 90%	127	2	0	0.25984252	ACATTATTGGCAATATCTATTTGCCACCTAGATGCACAGAAATTAGCGGCATCCCCGGCAACATTAAGACCGGCTAACTCTACTTGTGGCGGTTGCTGGCTCTCATATGCGGGCGCGGCGGGCATAG
SD_DY_contig_8815207	87179	1	DTR	high	AAI-based completeness > 90%	127	2	0	0.275590551	CTGTGGTGAACTGGCTATCACACTACACTGTCACTGTAGAGTAGAGGGATCGAAACCCTTCAGAGGCGCCATTTTGTTGGCCCGTAGCTCAATTGGCAGAGCGCGTGACTTTGACTCACGAGGTTTC
GD_ZH_contig_27017765	82462	1	DTR	high	AAI-based completeness > 90%	127	2	0	0.291338583	CACACGCCTCCTTCACTTCGTCAAGTAGTTTCTTATGGTGTTCCCACCCAATGACATCGCCTTCATCATATGGCCCATAAGTATTCCCATTGTGAAAATCAAATGGTGCGACTTCCAGAAATGTACG
JS_LYG_contig_11527234	79875	1	DTR	high	AAI-based completeness > 90%	127	2	0	0.346456693	AATCTTCTGACCAGTCGATAAACCTTTTGATAAACTGTTCGGCAGATTCGCCAGTTGCGATACCTTCTACTCTGCAGGCATATCTGGCAAATTCTTCTTGTATGTCGGCCAGTTGTTGCTTTAACTC
JS_LYG_contig_83457	77023	1	DTR	not-determined	NA	127	2	0	0.322834646	GCCCTGTTTTCCTCAATCCACCATCCACCAGAACCGCCGCACCTTGTGCAGTAAAATACAAACTCGTATTCTTCTGGGTTTTCAACTTCTGGGTCTATTCCGAATCCCTCACATTCGGTACATTCTA
JS_LYG_contig_1821175	76255	1	DTR	high	AAI-based completeness > 90%	127	2	0	0.330708661	CTGGAAATAACGCTCTTACCGTTGCTAATGGTTATCAGACAGGCAGTGACGGATATACAGGCGTACTTGATTCAAGTAATATTAATGGTAATATTATAATTACAATGAAAGACGGTGTGGGAGGCAC
GD_ZH_contig_25740450	74194	1	DTR	not-determined	NA	127	2	0	0.354330709	GCAAAGACGCGGCGCAGGTCGTCCGCATGGCCGAAGGCGACGTCGTCGACGAACTGCTCGACTCCCCCCAAGGGGCCCGCGCCGCCGTCGTCCAAGTGCACACGAGGGGGCAGTCGGCGCATATCGA
JS_YC_contig_12279870	72629	1	DTR	high	AAI-based completeness > 90%	29	2	0	0.551724138	TGTAACTTTTAAATTTTATATATATTATG
JS_YC_contig_12609450	72597	1	DTR	medium	AAI-based completeness > 80%	127	2	0	0.31496063	AGCTTCGGCTGTGAACTTGCGACCGGTCTGATTGTAGTTCTGAACGTCGAGCCAGGCGTTGTTGCCCAAGCGGATGTCGTGGATAACGCGCGGCGTGGTTGCGCACACGATTGTCATACCACTGTCA
ZJ_NB_contig_16154260||full	70616	1	DTR	medium	HMM-based completeness (lower-bound) > 80%	102	2	0	0.333333333	GCGACCCGCTGGGATCTGTACGAGCAGCGGCCGAGGCGTATCTACGTGGACCTCGGCGCGGCGGCAACGCAGAAGGTCTATCTTAACCTCCGGCGCATTCCC
ZJ_WZ_contig_27245757	70267	1	DTR	high	HMM-based completeness (lower-bound) > 90%	127	2	0	0.362204724	AGATGTCACCGATCGCCTCTGCGGATCCGCCGACGTCGAACTCCTCACCCCAGCGGACATCGAACTGGGCGCGGTCGGTCATCGTGAGCGTCTGGCCCTGCACCGACATGAACTCGACCCAATGGTC
ZJ_WZ_contig_17168529	66396	1	DTR	high	AAI-based completeness > 90%	127	2	0	0.322834646	AAACGCAGAAACGATGACCAGCACGCTGCATACGATTAGCAACGACGCCGGTACAGTAATCTGCAAGTCGACGCTGAGTGAGTCCGGCGGTACGGCAACCAAGGCTGAATACATCAGCGGACCATAA
JS_LYG_contig_6012586||full	65604	1	DTR	high	AAI-based completeness > 90%	127	2	0	0.322834646	CTGGCCGGTCCAGCTCCTCTTTGAAGTCGTCCCAGTCGTCGGTGGCGTCGTCGTCGGCCACGGTCTGATTCGTCTGCAGAATGAAAAGGGCTTTGCTGCGGCGTTTGTTGAGATCTTCCTGGGGATC
JS_LYG_contig_4158666	64537	1	DTR	high	AAI-based completeness > 90%	127	2	0	0.283464567	AGATAGGTACGGGCTGTCAGATGCCGAAAGTGGTGAATAATGGCAACCTTCAAGGAGCGTTACGAGGAACTGTTCGGGCCAACGCCAGACTATGACCCGATCAATATAACTGCCCCCGATGATTTGG
GD_ST_contig_16315354	63546	1.01	DTR	high	AAI-based completeness > 90%	127	2	0	0.25984252	CGACATCGTAAATCAGAATTGCTCCATCGGACGGAGTTGTCAGTGTTACGTCAGTCAGATCATTAAGAGCACTGGCTCCACTCGGTATCGCTTGCCAACTAGCAGTAGTAGCTGTATCGGCAATCAG
JS_LYG_contig_8676445	62509	1	DTR	high	AAI-based completeness > 90%	127	2	0	0.362204724	CCACCACCGCCAAGTCCGCCTGCCATCAGCGCCTCGCCTTCTGGACCTGTCGCTCGTTCATGGCGTTGAAGGCCATGTCGGCAGCGGGAAACTGCATCCCGGATCGGGGTCCGGTCGATCCGGTCGG
FJ_XM_contig_36264901||full	61597	1	DTR	not-determined	NA	127	2	0	0.307086614	CGTTGTCCGTGCCGTCCACGACCACTTCCAGAAGGTTGGAGTTGTAGATCGTGAAACGGTCGATCATGCCCAACCGTCCGTTGCGGAGGATCGACGTGTTATCGCCGGCCAGGGACGCATCCCGCAG
FJ_XM_contig_26482069	61367	1	DTR	high	AAI-based completeness > 90%	127	2	0	0.275590551	CCTGACACATGGCTCGGGTCAAAGAGCCAGTATCAGAACTATCACGGTGGCCCCAATTGGTTCGTAGCACGGGTCCACCGCCACGGGTCAGAGCGACATATAATCTTGGAAGAGCTTGGCGATAAAC
ZJ_NB_contig_12614770	61250	1	DTR	low	AAI-based completeness < 80%	127	2	0	0.291338583	GCTTCTACCGAACAGTTCATAGAGAAGTTGACGATCGCCTTCAGCATCATGAACACCGGTTTGTATGTATCTTGGAGGGTTATTTACAGGCATAGTTCATCCCGTGTAATCGCTCACAGATCATCGA
SD_DY_contig_251556	59651	1	DTR	high	AAI-based completeness > 90%	127	2	0	0.346456693	CGAAAGCCTCGGCTTCGACTTCGGCTACGAGCAGGACATTGCCGGTGAGACGAGGACGACGCTATGAGCGCGGTAAGGCTCGGGCTCTACTCGGACACGCGCTTCAACTCGGGCGTGCTGACGGCGC
HN_SY_contig_3552815	59193	1.02	DTR	high	AAI-based completeness > 90%	127	2	0	0.433070866	CTATGTATAACTACTATACTACCATATAATACCATATATAACAATGTAAACAATAGTATACAAGTGTATATAATATTTAACATTGGTGTAACGTATGTAATAATGTAAGTTATATTAAACATATGTA
JS_LYG_contig_10753045||full	57776	1	DTR	high	AAI-based completeness > 90%	127	2	0	0.401574803	GAGCCGGTCTACTCGCTGAGCGAGGCGCAGATCCGGGCCGATGAGTATGCCCGCGAGCAGGGTTATCTCAGGGACGAGGAGAGCGAGTTCGCGCCGCGGTGGGCTGAGTACGTCGAGGGCACGTTCA
ZJ_WZ_contig_7862354	57450	1	DTR	high	AAI-based completeness > 90%	127	2	0	0.283464567	GAATGTCATTTTGTGCGCCGCCTTGAGATGCGCCAGCAGCATTTGATAAGTGTAAGACTTGCTGTCCACTCGATGTTCCACGAACTTCTAAAAGATTATTTGGCGCAGTACCAATGCCCACGTTGCC
GX_BH_contig_6528052||full	57113	1	DTR	high	AAI-based completeness > 90%	127	2	0	0.322834646	CAGGCGCCCTCGTCCATTTCGCCCTTGAGACGATAGACGGCCGTCGGATCCGAAGGGATCGGCGCCTCCCGGAGGCCGGCCGCGTCAATCGTGACATACCGACGCGCGTGAGGATTTTCGACAAAGG
JS_LYG_contig_20859688||full	55870	1	DTR	high	AAI-based completeness > 90%	127	2	0	0.330708661	CAAGCCCGACCAGGAGCTGATCCAGACCAGGCATCCAACTATCGTGTTCACGCCCGAGAAGGGCACGGCGAACGTCTACGCCATGAGCCCGAATGACATGAAGGATGACCCGGTTCCTGTGGCGCCC
GX_BH_contig_34176876||full	54604	1	DTR	high	AAI-based completeness > 90%	127	2	0	0.417322835	CAAGGGCGACGCCGGCGGCATGTTCGTGCAGCCGGACGAGCCGGGCCCGGAGGACGAAGCGCCCGCCGAGAACGTGCTGTGGGTGGATACCAGCGATCTGGTGGGGTAGGCCATGACCACGGTGCCG
ZJ_WZ_contig_8201747	54505	1.01	DTR	not-determined	NA	127	2	0	0.31496063	GACCAGAACGGATCAGAATATACGGCCCGAACGGGTCAGGCCGGAACTATGAGTCCGATAACGACGACCGCACCGAACAGATACGGGCCTTGCTCGAAGCCGTGTACGAGGACGCGGAGCTGGTCCC
ZJ_WZ_contig_15983728	54191	1	DTR	high	AAI-based completeness > 90%	127	2	0	0.393700787	ACTGAACCGGCATATTCACTCGTCCTTCTCCCACGGCAAGCGGTCGTGCCCAGCGTGTGCGCTTCGATACGGCTTCTCATCGCGCAGCTTCTCACACAACCGCCGCGCCTCGTCACGCTCACGTTCT
GX_BH_contig_9140860	53271	1	DTR	high	AAI-based completeness > 90%	127	2	0	0.338582677	GGGCAGTGATCGTGACACCCGGGGTGGTGAACATCGGACTGAGTCCGCAGGACGTACAGTTGGCCATCCAGCTGGAAGTCGGGGCGGCCGGAGTCACCCTGGCACCACAGCCCATCACCATTGATGA
GD_ST_contig_15038263||full	53094	1	DTR	low	AAI-based completeness < 80%	127	2	0	0.346456693	GATCGGCGCCTACGAGTTCCAACGCATGCCGGCAGACCGAGCCAAGCCGGCGTTCATGCGGGCCTACGCCAGAACGCTACAGCGGGCCAGGGACGGTCTGCCATTGCGCCAGCCGATCAAAACCGAA
ZJ_NB_contig_3114912||full	51330	1.01	DTR	high	AAI-based completeness > 90%	127	2	0	0.307086614	AATATGCTGCCCCTGTCTGAGGCGGTATCAATGACCCTTGAAGTATTGCACACCCGGCTTGTTTTGTGGGGAAGAGTCTGTATTGTGGCGTTTTAGATAAATGGGGACTTTTCGAACGATTCAAACG
FJ_XM_contig_34330941	50129	1	DTR	high	AAI-based completeness > 90%	127	2	0	0.37007874	AACATTTTTACACAGATAGGAAATACAGTATCAGCACCTTAGAAGGGGAGTTTAAAAAACTTCTCTTTTTCTTTTATTTACCTCTTGTATATGGTTGGTTGGTGTGATATTATAAATGTAAGGAAAA
SD_DY_contig_16847803	49927	1	DTR	high	AAI-based completeness > 90%	127	2	0	0.307086614	GAAGAGCCGACCGTCAGCACTCTTGTCCAGTCATTCGATACCTACACCTCTGTGATCTTCGACCGATCCCATGAGAGTGAGGAACTATGACATTCAAAGACCCTGCACGGAACGAAGCAAACAAGGA
ZJ_NB_contig_28906154||full	49647	1	DTR	not-determined	NA	127	2	0	0.283464567	AAGAGTCCAGGTCGTTAATGATGGGATATATCTCAGCGACCTTGTTCGAGATCGGCGTCCCGGTGAGACTCACCTTCCTCTTCGCGTGGATCCCGAAGGCCGCCTTTGTCCTCTTGGCCTCGGGATT
ZJ_WZ_contig_27245973	49311	1	DTR	not-determined	NA	127	2	0	0.37007874	AACGGCTGAGGATCTGAGCAGCGGGCGCTACCGCCTGAAGCTGGAGGTGGAGACGCCGTACCAGATCGAGGGCAGTGATACGTTCACGCTCGGTCCGGGGTGCGAGCGGACACTTGATGCCTGCAAA
GX_BH_contig_6382586	48875	1	DTR	not-determined	NA	127	2	0	0.346456693	GGCTGGGGGACGAACTCCAGAAAGAGATCGAGAATAGTTACGTCAACCTGTACCAGCTCGCAGAACAGCAGCCGGAATGGCTGGGCGCGGGCGTAACCACGGGGCCGATCACCGAGAAAGTGAAGGA
ZJ_WZ_contig_8624418	48815	1	DTR	high	AAI-based completeness > 90%	127	2	0	0.299212598	GGGCTGAATTGAATATCCCCCAGGATTTGGCCTCAACTGCCTCTAGTTGATTAATACGCCTTAAGAATCTGTGGCCCAGGCCTCCATTGGCCATATTCATAAAAAACTCTCTTGCGTACTTTACATA
ZJ_WZ_contig_27245599	48638	1	DTR	not-determined	NA	127	2	0	0.307086614	GACCATTGTCAACGCTGCCCACGATCTCTTCGTCCGCAAACTGAGCGACCAGACCCTCCGGCATCACGTTGCCGTTGGGATGCTGAACGCGAAGGGGCGGATCAAGTACGGTTGTGACGGCACGCAA
FJ_XM_contig_13122286	48627	1	DTR	high	AAI-based completeness > 90%	127	2	0	0.354330709	CAATGACTATTACGAAGAGTTCCCTGATGCTGATAAGCTCACACTCAAAGAGTTTAAAACTTGGCACAGGCTTAAGGCTCATCCTGAGTATAAAAAGGAACAGCATGAACTCTACAGCACCATCATC
GD_ST_contig_16729626	48287	1	DTR	high	AAI-based completeness > 90%	44	2	0	0.409090909	GGACTGCGAAATCCCCCTTCCCAAGTAATCCCTACCCCCTATTG
GD_ST_contig_16047051||full	47579	1	DTR	not-determined	NA	127	2	0	0.401574803	AGCGGTCGCGGCCATGATGATGGGGCGGCGGGAGTTCAAGGGGCACCTCGAGCCGCCCTACGACCCGGACCGGTGCATGGAGGGGCTTCGGCTTGCCACGGACTGGTGCGACCAGATGGGCCTGCCC
ZJ_NB_contig_6034540||full	47512	1.01	DTR	high	AAI-based completeness > 90%	127	2	0	0.307086614	AAATGCTGCGGGTCACCATGCCTGGTCGCAACAACCTGATGCACATCACGCAAGGCGTAGCGCAGAAGGGGCGCGACGGTTATATTGGCATGAAGGATTTTCGGGGTAAGATCATCGACATGATGAC
ZJ_WZ_contig_17247846||full	47377	1	DTR	not-determined	NA	127	2	0	0.393700787	CGCGCTGGGACAAGCTGACCGAGGCCCAGCAGGCGCAGGCCATCCAAGGCGCTCAGAGGGCCGCTGAGACGTCCCCCTGGCGCTCTGGCTACATTCCCCACATCGCCACGTTCCTCAACCAGCAGCG
GD_ZH_contig_3760751	47208	1	DTR	not-determined	NA	127	2	0	0.322834646	CCAATGATCGCGGCGCACCACTTCCTGTGATCTACAAGGTCTTGCTGGTTCCCGTTGAACTGGAAGCAACCGCCTATGAAATCACCAACGCCATCAACAAGCCCGGCACTGCTGATAACGATGCCAA
ZJ_WZ_contig_16967216	47169	1	DTR	not-determined	NA	127	2	0	0.307086614	AAGACACCGGTCCATCTGACTGTGAAGAGGCATTCGGGAGTGAGCGTCCCGAGGACTGGTGTTTCTACTGCATCGCGTATCGGGGTCTGCTCGGTCTGATCAGAGAATCCACCGGAACTAGTTAACG
ZJ_NB_contig_28905927||full	47005	1	DTR	high	AAI-based completeness > 90%	127	2	0	0.362204724	GGGGGGTGAAGAACGAGGGCTCGATGAAGTCCTCGACGTCGTACCCAGCGGCGAAGTGATCGAAGGCGTCCTTGCCCTTGCGGGCTTCCAGGAGCCTGACCGTCTCGACCCCGGCCTTGCGGAGCGA
HN_SY_contig_15604402||full	46933	1	DTR	not-determined	NA	127	2	0	0.299212598	AAATAAAAGTAGACCCATCAAATGATGTAGTCTCATGTGCCGTTTTGCCTGCCACAAGATCATTACGCTTTGATAATGCCCCAACAAATGTTCTTGCGCAGAATTCTCGATACTGTTGCATCCCGAA
GX_BH_contig_34176862||full	46892	1	DTR	not-determined	NA	127	2	0	0.322834646	CAAGGGCGACGGCTGGCACAAGGCTATGGCCGCGTGGGCTGAGGTCAACGAGCGCGTCTACTATGCGCAGTCCTCGAGCCCCGAGATTCTCACAGCCGCGTCAACGGACCTGTTCAGCGCACTGCAA
GD_ZH_contig_15260596	46809	1.01	DTR	high	AAI-based completeness > 90%	127	2	0	0.385826772	GCGGACCTGTACCTCAACGACGCGGTCACCTACCCCACCGACTCCCTGCTCTACAGGACCGCCACGGGTCAGGTACAGGGCACAGGCGCCTCGGCCCAGGGGGACATCCCGTACAACATCGACGGGA
LN_DD_contig_25683321||full	46777	1.01	DTR	high	AAI-based completeness > 90%	127	2	0	0.377952756	GAGCAAAAAAGATGCTCAGATCAAAGAAACTGCTTATCTATGACGACGTTTACGAACTGTCCGAAATTGAAGCAGTTTTCAGAAAAGCTCAGCTACAAGGAGGAGTAGATATAGGATTTGTAGATTA
HN_SY_contig_34732561	46491	1.01	DTR	not-determined	NA	127	2	0	0.393700787	AAAGCTCCTATGATGATACGGTCAAGGGACTCCAGAGCTTAAGCGACTCCAGTAAAGTACTCCTTGCTGATTCAAATCTTCAACTGGAAGTCTCCGAAAAAGTAGTTAAAGAAGAAAAGAAAAAAGA
ZJ_NB_contig_24021099	46007	1	DTR	high	AAI-based completeness > 90%	127	2	0	0.385826772	GACAAGGTGTTCTTCCAGCCGGCGTACCACGGCGGGCCGCGCAACTTCGACCGCTTCATGCTGCAGTTCCTGGGGAGTGGCGAGGGCGCGCAGGCGTTCGGGTGGGGCCTGTACTTCGCGGAGTCGC
JS_LYG_contig_19073660	45955	1	DTR	not-determined	NA	127	2	0	0.267716535	TGTCGGCCTGATATTGCCAGTTGGCCTGCCCAATACGTGGGGCCAGATACCATCCGAATGGTTTGATACCGTTATCGGCGACCAAGGACGTGTGATATCGTGCATCCATGTCCCTGTTCTTGCCAAA
ZJ_WZ_contig_2760454	45338	1	DTR	high	AAI-based completeness > 90%	127	2	0	0.322834646	ACGATACTGGTCGGCTGATTTGTGATATCGACGCCCCAAGTGGCACCGACCGTCGCGTTATCGGCCGGGATGCCCGCCCCCGAAATATCCGCCCAGAGCTGCGCTTCGTTCTCGACGTTGGGCGAGA
GD_ZH_contig_7117338	45331	1	DTR	not-determined	NA	127	2	0	0.42519685	GGCGCCTTCCGGCCGGTGACTGCCGCCGCGGCATCCTCGATCGCCTTCGCTGCGTTCGCCGCCTTGGCCCCCTTCTTCGGCTCGGGTTCGGGCACGCGCCCCTGAAGCCCGCGGCGGTCGACGACAC
ZJ_WZ_contig_20813386||full	45308	1	DTR	medium	AAI-based completeness > 80%	127	2	0	0.283464567	CCTGCTTGAAGGAATCGCTAACGTCTATTGCGAAGAGCATCACATCGTTTTTGGCATGCGCCGAGTCGGTCATCAAGCGACCTACGGGAATTGTCAGTGGCATCATCGCGGCATCGCGCCGCGCAGA
SD_DY_contig_14315149	45304	1	DTR	high	AAI-based completeness > 90%	127	2	0	0.338582677	GGGGAAACATTAAAGTTCTCACCGAATATAGATTTAACCTCTGCATTTAATTCTTCAAGTAGAAGATTAAGACGTTTCCTTTTAAAACCTGTTGAGGATATACCGTAATCAGACATTTATAGTTACC
ZJ_WZ_contig_9210841	45141	1	DTR	not-determined	NA	127	2	0	0.377952756	CGCAGCGGCCGGATATCCGGTTCCGCGAGCTGATCCCGCCGGCGCGCGACCCCGCGCCGCGCGGTGCACAGACGATCCTCTGGCGCTCGTACGACCGAGTCGGCCAGGCGAAGATCATGCACGACTA
GD_ZH_contig_9936736||full	44966	1	DTR	high	AAI-based completeness > 90%	127	2	0	0.354330709	CGAGCTCCGCAAGGCGGTGGTCACCCTGTTCGAGGTGTTCGCCGCCCGCTTCAGCCATCGCTGGACAAAGACCTACGAAGACGAGGCCGCCAGGGCCGTGTGGGCGCGAGACCTCGCCGCCGCCGGA
JS_LYG_contig_10493286	44524	1	DTR	high	AAI-based completeness > 90%	127	2	0	0.346456693	ATACAACTATTCCTTATGTGATAGTACACGATTACTATTGTGGATTGTCAGAAGAGGATATAATCGATTATATTGAACCGGATGAAGATTTCGAAATTCCTGAATGGTGTGAATTGGAAGATTTTTA
JS_LYG_contig_14008938||full	44502	1	DTR	low	AAI-based completeness < 80%	127	2	0	0.330708661	AAGCAAATGGGGCCTTATGGGCCATGGCCGCCGCTTTCACAGGCTACGATTAACCGGCGCCGGAACCGCTCCGATACACCACTACAGGACACACGGCAACTTTACCAGTCACAACACCCTGGGTATG
GX_BH_contig_20983290	44391	1	DTR	not-determined	NA	127	2	0	0.393700787	AAGGGGCTCGTGCTCGCCGTCGACCTGGAGAAGCAGGCGCGCAAGGGTGTCGAGAGCGGTGGCATGGGCCTGGCCAAGACAGCATTCGAGCGAGCGCGCAAGAGCCTCGCTGCACGAGGACTGATCG
HN_SY_contig_11059226	44368	1	DTR	not-determined	NA	127	2	0	0.362204724	GAGATGGCTTGCAACTTCTCGTTGGCAGATTCAAGTAGATTGTCCAGGTCGAATTTGGTATTGGTCATCTGTCTTCCCTTTGCTATTTGCAGCTAGTTGTCGGCCCGTTCTCTTGCATCATCTAGCA
JS_YC_contig_20559046||full	44365	1	DTR	not-determined	NA	127	2	0	0.275590551	GAAGGGTGAAGAGCCATTGCCTATTCTCGTCAGTTCAACGATATAATCCCATGCTCTAATGGGCACGTCTAAAGAGCGCTTATACTGGATAGTGTTCGATTCAACACTGCCCTTTGACAAGAATTGC
HN_SY_contig_18288295	44339	1	DTR	high	AAI-based completeness > 90%	127	2	0	0.307086614	AATTAACGACTCGGACGAGCGCCGTCAAATGATGATTGACGGAACCATGCGTCTCATTGCTGACGAAGGTATGGCGGAGATTCGAAAGAACAAAATCGCGGAATACTCGAATTGTTCGGGTTCACTA
ZJ_WZ_contig_12140387	44308	1	DTR	high	AAI-based completeness > 90%	127	2	0	0.307086614	AGCTTCGTCCATTGTGGCAGCAGGAATCAGGACAGGCTTCTTCTGCTTCTTCGTACGAGTGATCTCGACACGGGCGGGCTTCGGCGGTTTCGCCGCCTTACCCTTCTTCTTGTCCTTGATCCGCTTC
SD_QD_contig_31506539||full	44258	1	DTR	medium	AAI-based completeness > 80%	127	2	0	0.275590551	AAGCAGCCCTCCACCAATTCGATCAAATCCTCGGCACCGATGAAGTGTGGGCGATCAAAAACGAATCGCGCGTTGGCGCAGATTTCGTTGTAACCAATCCATTTCAAAACGGCTGGTTGTTCAAGTC
JS_LYG_contig_11298731	43673	1	DTR	low	AAI-based completeness < 80%	127	2	0	0.299212598	CTACAAAAATATGGCTCCGCGGGAGTTACGGCATTAGCAAATGCAACCCCTAAGGATTCAGCTTTAACGGCATCGTCTTGGGACTTCACGATAGAGTCTACCAAAGGTGGATATTCTATAGAATGGC
GD_ST_contig_4360050||full	43595	1	DTR	high	AAI-based completeness > 90%	127	2	0	0.377952756	CCTGGCCGCCGTCTGGGCCAAAACCTTAGACCACTTCAAGTTCCAATGGGGCTACCGCGTCAACGTTTACTACGTCCGCGACAGCCAGTACCTGCCCGACTTCTGGCTGCCCGAAATCCGCACCATC
SD_DY_contig_16429676	43112	1	DTR	high	AAI-based completeness > 90%	127	2	0	0.37007874	TCACGATCTCGGGGTCGAGCCCGAGGAACGGCGGGTGGTTGCGGATCTCCTGGCGACCGAGGAAGTGGAATGCCTCCCATTTCCCTTTGCACGGCCGTTTGAGCGGGTCGTGGATGGCGAGCCAGCA
ZJ_WZ_contig_27245789||full	43074	1.01	DTR	not-determined	NA	127	2	0	0.299212598	CACCATTGGGACTTCTGAATGCTGTGACGTGCGGGATGTGTTCGGCCGCAATGCAATGACGTGCCCCCCTCGTAGTGCCAGGTGCGATCTGGCCAGACGAAGGCAGCTCTATTTTATTGCCGTCGAC
GX_BH_contig_27443582||full	42920	1	DTR	high	AAI-based completeness > 90%	127	2	0	0.291338583	GCCGGTATAGTCGCCATTGATGATGGCTGGCAAGTAGGCGCCAGCAACGTTGTAAATGTGCTTTTCAAAGTAGGTTGGCACTACAAACACTCCCAAAAAAGAAAAGGCGGCGCGAAACGCGCGCCGC
GX_BH_contig_3838709||full	42919	1.01	DTR	not-determined	NA	127	2	0	0.25984252	CAAGCGATTTCGGGGCCAATTTCGAAAATTCAACCTTAAGTTTTCGCGCCGGCCAACTGGATAATTATCCAGTTGGCGATGCCGGTTCAGGGTATCGTACAAGCGGAAATTCTACGATTTCACCGCC
ZJ_WZ_contig_27246264	42359	1.01	DTR	not-determined	NA	127	2	0	0.496062992	CGCATTCGCGCCCAGCGCCACGCCCCCTCCAGGGGTCCAACCGCGCGCGATCCGCCGCGATCGTCGCCGCCGCGACCGCTGCCAATAGCACGACCATCCGCCCCCGGCCACCGAGATCGGCCACCGC
GD_ZH_contig_27040636	42285	1	DTR	high	AAI-based completeness > 90%	127	2	0	0.346456693	GGCACGAGCAGATCGATCAGCACCGGAAGCGCATGGACAAGTGGCACAAGGCCGCTGATCGTGTCGAGAAGATCTACCGGGGCGAGTCGGAAGAGGGTCTTGAGATCTTCAACATCCTGTGGGCGAA
ZJ_NB_contig_28905745||full	42073	1	DTR	high	AAI-based completeness > 90%	127	2	0	0.31496063	GATGGTTTCAGTGTCCTTCATAACCCAGACGGTACGTTTAAGAACAATGCTATATCGAATGCAGCACAAATCGCTGATGGTATTATTGGTGTAACTGAGCTAATTCCTACAATCTTTAGTACCCTTA
FJ_XM_contig_10973223	42038	1.01	DTR	high	AAI-based completeness > 90%	127	2	0	0.275590551	AAGCCTAAGCCTGAGCCGACTGCAACTTCTTCTGAACAAGACTTTTACCAAGGTATGCTCGTATGAGTCTCAATAGTCCACTACACCCTGATTTTGGAAAGGTCATGGCTCAACCTAACGGCAGTTC
GD_ZH_contig_22751268	41818	1	DTR	medium	HMM-based completeness (lower-bound) > 80%	127	2	0	0.354330709	ACGGAGGAGACTACGATGGCGGCGAATGTGGATCTGGCGAAGCTGGCTGCGCTCCGAGAGATCGAGCGCGATTGCATCGAATTGCAGGGGGAGGCATACCGGAAATTCATCGACCTCCTCGGAAGCT
HN_SY_contig_9410036	41715	1	DTR	high	AAI-based completeness > 90%	127	2	0	0.401574803	CTGCAACTACTGGACAATCAGATTATGACCAAATTGCAGGATTTATTACAGACCAATGGAATTCAGTAAACAATACTAGAGGATATATGGCTAATAAAATTATTATGCCTACAAGAGTTTACAATAC
JS_YC_contig_28544756	41339	1	DTR	not-determined	NA	127	2	0	0.291338583	CGTGAATGAACCCAAGCCCGAGTCGGTCGAGGCGGACACGTTCAGCATTGATGAGCGCGGCAATCTACTGTTTTTCACCGGCGACAACAAAAGCCCGATCCCCGTGTTTGCTGCCGGTCAATGGCAA
JS_LYG_contig_25272577	40978	1	DTR	medium	AAI-based completeness > 80%	127	2	0	0.409448819	ATGAAAAAAGTCGTGAAGATAGGCTCACGACTTTTTTTAAAATTACTGATAAAATAAAATATTCTTTTATATTGTATCAAATTGGTTTAAACTTGTAAACATAGTGTTATAATAGTATAATATTAAT
JS_YC_contig_11876342||full	40938	1	DTR	high	AAI-based completeness > 90%	127	2	0	0.338582677	GCGGAACCGTAACGCTGGATAGCAGTAAGAATAACATAGACGGGGATGGTTCGGTAGAAACGCATTGGAGCGGAACCGGGAACCTGATAAACAAAACGGCGGCGGCAACGTGGGACAATCCAGGGAC
ZJ_WZ_contig_13730558	40472	1	DTR	not-determined	NA	103	2	0	0.339805825	GTTCACGTCCACCATCGACGGGTCGAGTTGCACACGGAAATCCTGCCCATCGTCCGAGACTTGCGAGTACCGCTCGATCTGCTTGACGGCTTGGCGTACCGCC
GX_BH_contig_30615419	39875	1.01	DTR	not-determined	NA	127	2	0	0.31496063	AGCCTGCGTGAAGCGTTGGGCTATTACGACAAGGCGGCGGAACAAATCGACAACCCTGATGGGAGCCTGGTGTTAGTGGCTGACGCTGCACGAACTTTACTAAAGGCAATCGCTCTTGTGGATGAGC
SD_DY_contig_2876166||full	39674	1	DTR	not-determined	NA	127	2	0	0.338582677	CTTGCATCGCTAGCAAGCGCTCCATCTTGTCTACGTCCACGTTTTCATCGCGCGCCAGGCGGTCGATCAGCGTCACCAGGGCGCTGGCTTGGCCTTCCGGTTCGTCCGGTACTTCCGTGGTGGCGAC
JS_LYG_contig_18371264||full	39654	1	DTR	not-determined	NA	127	2	0	0.299212598	ACAAAGATGGGTCGCGTATTCGGTCGAACGCAAGAAACAATGGCCGGGTTAGCACTTGTTGCGGAAGTGAGTGGCACTTCGCTCGACGGTCTTAACCGTGCAATGAAGCGGCAAACGCAAGCATTAA
SD_DY_contig_26874124||full	39221	1.01	DTR	high	AAI-based completeness > 90%	127	2	0	0.31496063	CAGAATGTCGCCCGTGTTGATCTGGTCAGCCGCGTCGTCGAAAAAGTTCGCTGCCGTCACGGTATCCCCGGCGGTATTCGCGTAGAGATAAACGTGGTTGTAGCTCGACCCTGCGCCGGACTGCGCG
ZJ_NB_contig_25634547||full	38878	1	DTR	high	AAI-based completeness > 90%	127	2	0	0.346456693	AACAAGGCATACGTATCCGCTTAAGGTTTGTCCGTTTATAGTGTGGTCACCACTATTCGCCTATGTTCTTAGGCGTTGCCGCTATTGCGAAATAATTTCCAGGAAACGCCTATTTTTTGCGCTTTGC
ZJ_WZ_contig_27245896	38480	1	DTR	high	AAI-based completeness > 90%	127	2	0	0.362204724	ACGAACGACGTGGACGTGGTGCTGGCCTCGAAGTCAGCCCGCTTGCGCGCTTCGTCGCGCAGCGTGTCGAGCTGTACGAGCCTCGCCACGAATCAGTCCCCGTCCGACTGCCCGAAACCGATCGCGC
SD_QD_contig_23010402||full	38044	1	DTR	medium	AAI-based completeness > 80%	53	2	0	0.41509434	AGCCAAAAAGGGGGATAGGGGGTGCAAACCTACAGAAATTTAATCACGGAAAC
LN_DD_contig_25682969	37976	1	DTR	high	AAI-based completeness > 90%	127	2	0	0.37007874	ACATTTAGGCATTTATGAGCAATAATAAAATAAAATATAGCGTAATAATAAGCGGGATAACTTACGGTGATTCTGATCTACCTTATAATTTACCAGCATACAATATAGTTGATGGTGTCTGGACTAT
SD_DY_contig_24176862||full	37669	1	DTR	low	AAI-based completeness < 80%	127	2	0	0.322834646	CGGGAAGCGTTTGAGCGGTGGTTTTCGGATCAGAAAGGAAGGCTATCTATTGCTACGGAACCGATGCCCCTTTCTGACTTGGTAAAAGCCATCGCCTTTGAGGGGTGGAAGGCTGCCCGCGCCCAGC
ZJ_NB_contig_19417229||full	37661	1	DTR	high	AAI-based completeness > 90%	127	2	0	0.346456693	AATGATTTAACTCTGTTTGTAATTCCTCGTCAGATTTTTTACCAGTAACATCTTCAACTTTATGAGTAGTTTGGTAACCAGTTCTGTCCAAGATCGAATTAATAGCACCAAGTCTAACCGAAGGACT
LN_DD_contig_9362936	36575	1	DTR	high	AAI-based completeness > 90%	55	2	0	0.363636364	ATTTATTTGCTTATTGGAGATTAAACGGGGACGCAACGGAAGCAAATGGAAACCA
LN_DD_contig_6993368	36437	1	DTR	high	AAI-based completeness > 90%	127	2	0	0.377952756	AACTTGCTACAGATGATTTACCATTTTAAGTAGTTAGATTAGATTATTTTTTCTCATATAGGGGAGGTGTGATTAGCTTCCCCTATTTTTTACCACTAAAAACAAAACAAATGACAAAAAAAGAAAT
ZJ_NB_contig_28905925||full	36052	1	DTR	low	HMM-based completeness (upper-bound) < 80%	127	2	0	0.417322835	CGGGGGTGAAGACCGTCAGGTGCACGTGCTCGTCGGAGCTGAGGTCAGCGATGTAGCCGGCCTCCACGTTCGGGCGGTGCAGCGTGTCGAGGGTGGCGGTGACGATCGCCGGGACGATGTAGTCCCC
SD_QD_contig_31506155||full	35754	1	DTR	high	AAI-based completeness > 90%	127	2	0	0.31496063	GTTTTTGACGGGATTCCAAGGCCCCTGCTCCCTGGCGTTTTCGGTTGAGCATGCATTGGATGTTATGAGCAGATATGATTGAGAGGAGATCATGAAAAGTGGAAGATGGGCTTCTATTTTTCATGGA
HN_SY_contig_25251957	35735	1	DTR	high	AAI-based completeness > 90%	127	2	0	0.291338583	AGTGGCAGCCTTCAGGATCTACTGAGTGGGTTCAAGTTGACGCAGGCTCTTCCGTTGATGTTGATTACTTGGCTATCGCTGCCCACAATTTGACTGGGCGAACCATAAGCCTTCAGTGGTCTGACTC
ZJ_NB_contig_22010804	35331	1	DTR	high	AAI-based completeness > 90%	127	2	0	0.362204724	AATGGTTCTGCCAAATGGCTAATTGGCAAAGATACTGGTAATGACTTCTATATTTATGATTACGCTTCTAATACAACTGTATTAGAAATATTGGATAATAGTGTTTTTAAAATTGCTCACAATGATA
FJ_XM_contig_1028543||full	35318	1	DTR	not-determined	NA	127	2	0	0.362204724	ACGATCCCCTTAATTAATTGTTTGGTGTAATCGGTCACATAGGTTACTTTGTCGGCAGCAGCCTGGAATAAATAACTTAATATGTTTTGGCTGAATGGGTCCCAGGCTTTTTGGTAGTTTGGCATAT
HN_SY_contig_34732320||full	35302	1	DTR	not-determined	NA	127	2	0	0.338582677	GCCGGCGAAGTCGGACAAGTCGTTGGCGGTGCCAAAAGGCGCCGTGCCGGCCGACCCATAAGCGCGCGAACTGGCTTGGTAAGCCGCCGCCCAAAGATCGGCTTCGACTTCATTCACCAACACGCGC
ZJ_WZ_contig_27245755	35282	1	DTR	not-determined	NA	127	2	0	0.322834646	CACCATTGGGTGAATATCTCAGCGACGTTAGCTTTTTCTATCACCCCAATCACTACTAGTGCAGTACTAGCGATTATCGTCTTCCACCCTTTCAGAAACTTCACATTTTTCAATCCTGGTATCCAGG
GD_ZH_contig_3123829	35272	1	DTR	not-determined	NA	26	2	0	0.307692308	CTATGAGGCTCGAATTATTCAAGCGT
JS_YC_contig_10058405	35110	1	DTR	not-determined	NA	127	2	0	0.267716535	CGCCCAAACGTCTTGTCTAGAGTGGCTAAAGTCTAGGGGGCTTAGATATGATTCTATAGCCTTCGTAGGGGCTTCCACGGACAAGGCCCTACTTACCGCGGACGTTATCGTAGACGATAAGCCCGTA
HN_SY_contig_11939720	33721	1	DTR	medium	AAI-based completeness > 80%	26	2	0	0.346153846	ATACGTCTAGCTCATCCTATACTGTC
ZJ_NB_contig_9085344||full	33150	1	DTR	high	AAI-based completeness > 90%	127	2	0	0.330708661	ACTGGATCAGCCTGCCAAGTAATGTTGATTGCTGCTCTATCTTCCGCTGTCGAGAGTTGAAGCCAGTTGGCGGGGTATTGAATATCATTGTAAGTAAATGCCTGTCCAATTTTCAAAGGTTTGTCAT
GD_ZH_contig_27040684	32649	1	DTR	not-determined	NA	127	2	0	0.393700787	AGCACGAGCAATGGGGCCTCCGGCCGCTCTCGCAGGAGGCGGAAGCCCGGTGGCTGGGTGCGTATGCCGTCCGGCCCTCGCGGAGCGCGGGATAGAGCCACTCGCGGCAGGTCGGGCACTTCCTGTC
LN_DD_contig_7209541	32445	1	ITR	low	AAI-based completeness < 80%	127	1	0	0.291338583	GCATTCAACCAAGATCTTAGCTCATGGGACGTTAGTTTAATTCCATCAGCACCGTCTGTTTTTGACGCAGGCGCAACTGCTTGGGTATTACCTCGACCAATTTGGGGCACTACTGGAACACCTTAAT
SD_DY_contig_27961103	32355	1	DTR	medium	AAI-based completeness > 80%	127	2	0	0.330708661	AAGGTAAATGCCGCTTCTGGATGAACCTTATGCTAGCCTACTACATGGACTGCCAAGAAAAGGGTGTTTTAGGTTACGAAAAGTTGCACGCTTCAACTTATATCAACAATAAGCGCTGGGAAGATAA
JS_LYG_contig_25272661	31718	1	DTR	medium	AAI-based completeness > 80%	127	2	0	0.322834646	GATGTGTAAACGATCTCCGACTTATACCAGCGCTCAGCGTCCTCTGTAAAAACGGCGTCTGTCATGTTAATTTTTGCGCAGCTCTTTAGCTCGTACTCTGGGACGTGTTGCTCTAGTATGCTCTGGA
LN_DD_contig_25683123	31133	1	DTR	high	AAI-based completeness > 90%	127	2	0	0.37007874	TCGAAAACAAATTCCGCTTGTCCATAGATTTGATTTGTCGCTTCTTGATACGATGTATTATAAACGTCTTTATCTTCTTTGTATGTAAAGATTTTACGCTTGCCCGACAATTCAGGCAGAAACTTCA
ZJ_NB_contig_14934692||full	29139	1	DTR	low	AAI-based completeness < 80%	127	2	0	0.31496063	GAATCTCGGGATTAACCGGCGGCGGGATGACTGGCTGGCCCTTCTGGTCAACCGGGTAAATCTCGTTGACCTCGGTAATGCCCATCGCCTCCAGCAGTCGCAGTTCGACGGCGGGCAGGTTATAGCC
GD_ST_contig_19786655||full	29091	1	DTR	low	AAI-based completeness < 80%	127	2	0	0.299212598	CGTGACGTTCGAGTCCGCAATTTTCGCCGTCGTGACGTTGGCATCCACAATCTGACTTGTGCCCACGCTATTGCTCGCCATCTTACCGATAACGACAGTCGAATTTTTTAAACCGGCGGCGTCAAGC
ZJ_WZ_contig_9826373	28778	1	DTR	not-determined	NA	127	2	0	0.377952756	CCGGTGTAGACCTGTGGCTGTTCGGATCAAGATCATCGGGGCGAAGGAGCTGGAGCGCGACCTGAACAAGGCGGCGCGCCGGTTCAATCCGGAGCTCCGCCGGGCGATGAACATGGCCTCGGAGGTC
GX_BH_contig_11087077||full	26813	1	DTR	low	AAI-based completeness < 80%	127	2	0	0.377952756	CCGTGGCGCAGGGAGTGTACGCATTATTGAAGCCAGTGTTTGCCGTGGTGCGGACTATCCTCGGCCTGGTGGGCCGGGCCATTACCGCCGTGACCGACTTTTTCGGCGTGACGGTGTCGGCGGCGGC
ZJ_WZ_contig_27245880	23874	1	DTR	low	AAI-based completeness < 80%	127	2	0	0.330708661	AGAGACAGGCCGAGCATGACCGTAATAGCCAGTACAACGGTATTCCAATTGGGGGTGGTGGCGGCCTCGGGGGCGTCAATCATCTTGGCTAATTCAGGCAGGAGCACTGTGAGCCCGGCAATAATGC
SD_QD_contig_22806252	21095	1.01	DTR	medium	AAI-based completeness > 80%	127	2	0	0.433070866	TGGTATTCTGTAACATTACAAGATAATCAATGGACTGAGAGAACATTTAGAAAAGACAAACTCTTCCAAAATACTATTACAGTTAGAATGGCACATAAAATTAATTCACAGAGAGGATAATGGTACA
ZJ_WZ_contig_26366043||full	20983	1.01	DTR	high	AAI-based completeness > 90%	127	2	0	0.307086614	CAAACGCCGGTAGCGCAGGCGGTTCTATATGCCGGGCTTCTCAAGCCTGATGGGCTTTGGGATTCCTCCAATATTTGGATGGCCTACACGCTCGCGTCACAAGTGCCGCGCCCGTGGGAGCAAAGCG
JS_LYG_contig_23254396||full	20618	1.01	DTR	low	HMM-based completeness (upper-bound) < 80%	127	2	0	0.299212598	ACCTCCTTTTCATCCCTGGATGAGAGTTTTTTCCATCCAAAGTTGCTGATTCGAAATTGGGCGATTTGAGTCCTCTCACAAACTGGCCATCCAACCATTCCGCAAAAATGGTGGTCATCAATTGAGC
JS_YC_contig_28544345	19946	1.01	DTR	not-determined	NA	127	2	0	0.338582677	ATACTTCGTATTCCAACCTTCTATCTTACTCGGATACATTTTGTCCTTACATGACGGACACACAGGATACTCTCGCCCATTAACTACGACCACGTTCATTCTACCACCTTAATTATTAGTTTAATAC
ZJ_WZ_contig_9362977	19835	1.01	DTR	not-determined	NA	127	2	0	0.322834646	CTAGAGCTAATAGATGGGATGTTGTACCACTTTCAAGTATGGCAAGTATAGCTAGTAGAGATTTAGCAGTTGCTCAGGCTAGAGTAAACCAGTTAAAGGCTCAGCCATCGAGAGCAATTTCAATGGA
JS_LYG_contig_25216545	18891	1.01	ITR	high	AAI-based completeness > 90%	127	1	0	0.409448819	TTTGGGCAACTTTTGGATTTTTGGATGTTGTCTTTTATTATACTCTGTATAATTCTATTTCTATCTCTTAAAAAAATAATAATAGAATTGTATATTTATATATAATAAGGAAAGGGAAGAAGGGGAC
LN_DD_contig_4878735||full	18476	1.01	ITR	low	HMM-based completeness (upper-bound) < 80%	127	1	0	0.307086614	CCCCCCAGCACGAAGCAATTAATTATCAACCAACCAGAATCTGAGAGGGTAGTATACCAACGACCTAAGTGTCGAGGTGGGGTAGCATCCCTATTGAAGAGGTGAGTGGATTAGTGTATCGATGGCA
FJ_XM_contig_139404	16989	1.01	DTR	low	HMM-based completeness (upper-bound) < 80%	127	2	0	0.307086614	GCGTCGAGCACGTCGTCCGGGATGACTCCCGGCTCCGGATCAATCGGCTCGTCGGCGTAATATCCGGGATCGCTGAAAATCTCCGGGCGATACTGGCGACGCTTCTCGGCTTCGCAAACGGAGCAAA
LN_DD_contig_12019861	14270	1.01	ITR	low	HMM-based completeness (upper-bound) < 80%	127	1	0	0.393700787	TCCAAACCGAGCCAACCGATTAGCTGGTATGATGCTATGCGGAGAATGGGATAGTTATTACATCACCAAATGAGGCAAATATATGCCTAAATCTATGTATAAAAAGCATAGCCGGAAAAAGAAACAG
ZJ_WZ_contig_7508426	13179	1.01	DTR	low	HMM-based completeness (upper-bound) < 80%	127	2	0	0.31496063	CGGAGCGTAGATGATCCGGAACGCTATCGCGACGTGATCGAACGTGCTGTTTTTGAACTCGAGTCACGCTTGCCGATCGAGCAGGAGAACGAGAGCGCAGAGGATCTCGCCGTTCGCAAAGTCGTCA
FJ_XM_contig_30788816||full	11671	1.01	DTR	low	HMM-based completeness (upper-bound) < 80%	127	2	0	0.338582677	AGCAGCTTAAAGCCGGTGCCGGCGGATTCGCGCAGCGCCGGGATATACGCGGCCACATGCGGGTAAAACCAGAACGCCACCAGAAAGAAGCCGACCGCGCTGGTGGCGACGGCGGATTGTCGCTCTA
HN_SY_contig_27860894	11591	1.02	ITR	low	HMM-based completeness (upper-bound) < 80%	127	1	0	0.307086614	GGGGTTGCCAATACAGACAGTTCCCCCAACACTGTTGCCAATAAACTACTGACTACGCTACACCACCACCACCCCACTCCTGTAGCTCTGGTGGCAGCTACAGGAGGATCAGGAGCAAGAAGAAGAA
JS_LYG_contig_20895194	10213	1.01	DTR	not-determined	NA	127	2	0	0.275590551	ATCATCCCACACACATGTTATTACTAATATCGTGGCGTGTTATTACAAAGGGGGACCGAGGGGGACCGGGGACCCCCCCATACATTAGAGGACAATTTTTACACTTGATGATTTTTTGGGGGGTGTG
JS_YC_contig_17924027	10168	1.01	DTR	high	AAI-based completeness > 90%	127	2	0	0.291338583	ACGATCTCATTATTTGGGCAATATCATTATTGCTCGTGACTTGGGCTCCAACTTGCGGAGGGGTCGACTTCGAGGGCCAGTATGGTTGGGTCGATCCACCCATGTCTATGCCCTGGGATCGTCCTGC
JS_YC_contig_7291680	9959	1.01	DTR	medium	AAI-based completeness > 80%	127	2	0	0.307086614	AATAATCCATAGTTCCATTTACTCAGTCTCTTATATTCTATTTACACACATATCACATCACAGTTGTACTCGCGCGGACACCCGTCCGCCAAATGCTACCCCTTTCATGGCGACGCGGCTATTTATA
FJ_XM_contig_31904388||full	9349	1.01	DTR	low	HMM-based completeness (upper-bound) < 80%	127	2	0	0.307086614	CGTATCAAGAAGAGACTTCTCAATTAAATCGGGTGATTCATCAAAAACCTCCCATTGATAGGTCGCTTCCCAGTTTAGATAATCGGGATAGACCATCACGTTTTGATATTGAACGGTTCGATTATCA
JS_YC_contig_28463857	8834	2	ITR	low	Multiple genome copies detected	1000	1	0	0.305	GCCAGGTAATCAGTTCAATATCGTCCGACTTACCGCAAATTGATACGCTCCGAACACGCCTCAACAAAAGTGGCGCATGGCTGAACAGCTTAGGTAAAGAACTCAACGGATGGGGTACATTTAAAGAACGTCTTCATCGGACGTCAGTCGACGGTGTCAAACCTGAAGTAGGAGTTCCTCTCACAACTAACTCTATCGGACTCGGGTTCAACGCACTCCATCAGATATCGTTTGCTGTGGCAACCGGCATCGTTACGTTCACCCAAGCCGCAGGCCCAGCTCTCCCAGATATTACTACGGGCATATTCCAAGTGGGTGATCAGATCAATTATGATAACGGGACAGCAACAATCACGAAGATCATAAATGCAACTTCCATGGTAGCACAAGGATTGAGTAATGCCGATGTCGGTCCACTTGCAGGCCCATTCAGCAGAATCCGAACTGATCCAGTACCAGATCAACGAGTAGACGAAGTCGAGTTACTATGGCAACCACCAGCATCCTTCTTTCATTCGGTCAGAACGGCGATCCCACAATCAGGCGAATGGGAACTCAACCTACGCGTATCGAACGATTATAAATATGCAGCAGTCGAATCCAGAGGTGCCACTACACTTCAACCTACTGATCGAACAGCTCAAGGAGTTGGCCACGTCGCTGGCAAGTATTCGATATCGATCGAAGGTGTTCATCTATATCTAATGGAAGTCAGAGGTAAAGTGTTCTCTGGTGACAGGTTTCTTCTTGACATGGAAGAAATCCATGCCAGTCGTATGAAGATTGACGGTGAAAATCTCCAAGAGTCCAATTTCAAAGTCAACAAGACGACACGAGCACTAACCGCGTGCTTTATAGATAAAAGGCAAGATTCTGACACCCGAGTTTCACGTACAACTTTCAACGCGTACCCCGGTACTCTGACCGCTACAAGTACGCCAGAGAACCTGAAATTGAAAAAGTTTTACATGGAATACGCAGGCCGACAATTCCCACAAAC
LN_DD_contig_21372913	8821	1.01	DTR	high	AAI-based completeness > 90%	127	2	0	0.42519685	ATTTCTTTTCTTTCAAGCTGGATATAACATAATAGAATGTAATAACCATTTATATAAATAAAAATGGTTATAATTAAATTGTGAACTATATATATTGTTATTGTATTATAAACTTGTATATCATGTG
JS_LYG_contig_17256307	8623	1.01	DTR	not-determined	NA	127	2	0	0.299212598	GAAAAAACTCCTTGGAAAAGGAGTCGTAGAATGGGCTTTTACCTTAGAGACCCGCAATAGTGCCCTCGCCGGGGCTATAGACGGGCGACTAACCGGGAAGGAGCGTGAACGGGCCAACCAGCTCCTC
ZJ_NB_contig_4155074	8586	1.02	ITR	low	AAI-based completeness < 80%	126	1	0	0.341269841	GGAGCTAGAAATATATTGATTAAAAACATAAACCAATTTGTTTAATCAAATCCCATGGAGCTACACATGGATAAAAGGCCGTTTTTATACTGATTTATTAGTATTTTGGCGTGCTAACGTAGCGGT
JS_LYG_contig_18536697||full	8445	1.01	DTR	low	HMM-based completeness (upper-bound) < 80%	127	2	0	0.25984252	AAGGAAACAACCCCGGCGGCTATTCCGTCACAGTTTGGGACGTTGCTTATGAAGAACTGGTCGTCAAAAATGGCGGCGACGTTTGCACTCTGGCGGACTATTACATCAATCAAGCCTATGCTATGCC
JS_YC_contig_28545446||full	8404	1.01	DTR	not-determined	NA	127	2	0	0.346456693	ATCGACGTTCCCGCCGCTGAGGGAACTGCGATCGTCGCGCCTTTCGAGGGCGAAATCCGGACCTGGGAACACGAGCACGGCGGGAAATCAATTAGCATTACTCGCGACGACGGTTGGCGGGTCGGGA
JS_LYG_contig_25275833	8265	1.01	DTR	low	HMM-based completeness (upper-bound) < 80%	127	2	0	0.322834646	GGCGTCGGCAACACAGAACCACCGTCGACGGTGGTGAAGGGCTCCAACATCGGAAGCGCGTAAAGTCGTCCACGCGAAACGATAACCGAGGTCGGCCAAGTCTGAAGCGACAGAGGCTCCGCCGAGA
HN_SY_contig_34732493	7756	1.01	DTR	high	HMM-based completeness (lower-bound) > 90%	127	2	0	0.354330709	ACGTTTAAATGAAACTTACATTCGTGTCTAAAGTTCACGTATTGACATCTGAAGGCCAGGGGACCTTGGTAATATTTAACTTCTTCAGATCTTACTTCTTCGGTCATCTGAAAAAAAAAAAAAAAAG
FJ_XM_contig_36265314	7535	1.01	DTR	not-determined	NA	127	2	0	0.307086614	AAAATGCCATACAAGAGAATACCACCAATCAGTTTATCCAGCACTGGGGAAAAGTCTGCCCCGTTCCCTGTTGGGCTTCCTCCTGCGTTCACAGGTGTAGGATTATAACTGCCCCCTGTTGCCCCCG
ZJ_NB_contig_9540152	7496	1.02	DTR	high	AAI-based completeness > 90%	127	2	0	0.330708661	AATTCAAAAATGCAGGATTTACCATAATAGATCATCCGACTTTGGACAAGGAAGAATTTGGCAAAGACCGGTTTCATTATTCCGATGAAACCAGGAGAGCCATGGAGCGCCACATAGTCCGGGTCGT
ZJ_NB_contig_25664223||full	7372	1	DTR	low	HMM-based completeness (upper-bound) < 80%	29	2	0	0.310344828	TGGAATAATTCCCGTTCCCAAGGCTGTCC
JS_LYG_contig_15847353	7165	1.02	DTR	not-determined	NA	127	2	0	0.472440945	CATGTTTTTCTTGTCATATTATATTGTATAGTCCATAGTATATATAGTTTGCGGTTGGTTTGGGTATGGTTTGGGTGTGGTATGCTCCTATGTTCCCCCTTGTTTATGTTCGTTATATCTGAATATA
JS_YC_contig_23352209	7004	1.02	DTR	high	HMM-based completeness (lower-bound) > 90%	127	2	0	0.401574803	ATGAAATGAACGATGGAGGATTACATGTCGCTAACCCCGAATTCTTTGATAGAGAAGTCGACCATGATGGAAACCAGCAAGATAGAGGAGACAAGACAAAGGATAATCAAAATGGTGAATTTCCACA
JS_YC_contig_28544550||full	6765	1.03	DTR	high	HMM-based completeness (lower-bound) > 90%	127	2	0	0.330708661	AAAAGCTTCCGGAGATACACAAGTGCCTCGTCTCGCCATTTCTCAGCCTTTGAAACCTCCCCTTCCTCTCTGTAATTAAAATAGAGGTTAAACATCCAATGTTTCGTCGTCATCATAATTTATTTTA
JS_YC_contig_26047337||full	6758	1.03	DTR	high	HMM-based completeness (lower-bound) > 90%	66	3	0	0.409090909	TTATTAAACAATGAGCATAAACCATTACGTACCATCCTCTTAAAAACGCTTAGAAAGACATCTGCA
GD_ST_contig_26597817	6677	1.02	DTR	low	AAI-based completeness < 80%	127	2	0	0.322834646	ATATATGTTGATTCTGCATGCGTGCGTGGTGTGGGTGCTATGGCAAATACATCCAGGAGAACGAACGCAGAAATAATCGAAAGGGAGGGTGAACTATGGTTACGGGCTACACGATATATTAGGGCGG
ZJ_WZ_contig_1053050	6217	1.02	DTR	not-determined	NA	127	2	0	0.354330709	CTGCGGAACTCGTCGGCGGATCTCCTCGTGCAGCTCCAGCGCAAGGCCCTCGACGTCGTGGGCGACAAGCTCGACGAGGGGGACCTGGCGGCCGCCATGTTCGTGCTCAAGCTCGCCGGGCCTGAGC
JS_YC_contig_28546185	6134	1.02	DTR	high	AAI-based completeness > 90%	127	2	0	0.322834646	AACCAGGCACCGCTACCGACCCTCGCGACATAGGCGAAGGTTCCTGGCTCAACCCCAGGCTTGCGGACGCTGAAAGCGCCGAAGCTCGCTATGGCGACATAGCCCAGGAAATGAAGGGCGGCGCTAA
HN_SY_contig_34734439	5967	1.02	DTR	not-determined	NA	127	2	0	0.440944882	AAAATTTTATCATTTAACAAGGAAACTAAGGGATCGCCAAAACCGCAGGATATTATATCTTGTAAAATTCTGGATGTCAAAAATTTTTTGACAGAATTAACATTTGAGTTTAATACAAAAAAAAAAT
HN_SY_contig_34733650||full	5942	1.02	DTR	high	AAI-based completeness > 90%	127	2	0	0.362204724	GACCCTCGCCTTCCTTCGCCGGCCACCGCGACGACGAACCACCTTGCGCAAACGTCTTCTGAGACTTGAGCGGCAGCTGATTACTATCGCCCGTAAACGTAAGCGGAACTCGGCCATCCATCATTGC
GD_ZH_contig_16029178||full	5928	1.02	DTR	low	AAI-based completeness < 80%	115	2	0	0.304347826	GGGCTAAGGTCTTGATCTACAGGACAGTTTTCGCCCTGTTTTCAGCCTATGTACCAGAAATGTACCAGAAGCTGCTGCGCTGGAAAGCGCCGCCCTTCACCGGTCTCTGCCCAGC
ZJ_NB_contig_11024887	5779	1.02	ITR	high	HMM-based completeness (lower-bound) > 90%	127	1	0	0.362204724	ATCGGACAAAGTGCGGTTACTTCTTATTAGTATATATTTTATATGTTACTGGTTATATCTGGTTTGAGGCGGATATAAGCGAGGTTAAATGGGCGGAGCTATGGGTTATTAAAGGGTGGGTTTTGGC
LN_DD_contig_6335913	5777	1	DTR	not-determined	NA	39	2	0	0.282051282	GTTATTCGCATGAATACCATCTCCGCGATGGAACGCTTA
SD_DY_contig_29266958	5551	1.02	DTR	not-determined	NA	127	2	0	0.346456693	AGGGACGCGGCTGGAAAGGGTACGGAAAGATGCTAGGAGGTACGCAATAAAATATGCCTCAAAGATGCACCAGAAGGAAGTGCCAAAGAACTACCGGAATTGTGGCAGATTCTTTGGATACTCCAAG
ZJ_WZ_contig_3513670	5405	1.02	DTR	high	AAI-based completeness > 90%	127	2	0	0.354330709	CTCGCTGTTCTCCGCAGCCCTCGCTGCTACAGTTTTGATTTTTAACAGCCCTCTCTTCTTTGTAGCAGCTCTCGCTGCTTTCCAGTTTTCAAGCAGCCCTCGCTGCTTTTCCAGTTTCCAGCAGCCC
LN_DD_contig_25135026||full	5314	1.09	DTR	not-determined	NA	118	2	0	0.296610169	CCTCCAGTCTTTGGTCCGTAAAGGTCGGAGGTGTCTGTCTTAATGTAAAAGTCTCCATCGACACCCTCAGTTGTCGGAACGGCTGTTCCGTTAAGAACCGTTTTACCATCTGCACCAT
JS_LYG_contig_25273622||full	5269	1.02	DTR	low	AAI-based completeness < 80%	127	2	0	0.362204724	AACCTCTGTCTCATGTCTCAGTAGGGATTTTACGTAGGATTCTACGTAGTGAGACAAAAGTGAAAGTACTCTTTAACCTATAGTCAAACTTAATACCACTAAGACATAGAGACATACTATTAAATAT
HN_SY_contig_34733114	5185	1.02	DTR	low	AAI-based completeness < 80%	127	2	0	0.37007874	ACCTTTGAAAGGTGCTTTGGTCAGGAGGGGTGTCAATTAATTACATCACCAAAGAATATGACTTGCCAAAAAACTTGAAAAAAATTTTTTGTTCAAGTGTATTCTCAAGGTCAAAAGCAAAACCCTA
HN_SY_contig_34732620	5170	1.02	DTR	not-determined	NA	127	2	0	0.362204724	GACCCTCGCGCTCCGGCGTGCTGGTGCCTGTCGTTCCGATCGCCTCCCGCCCTGCTGGCGCTGTTTCAGCAGTGGGAGGCCGCCTTGCGGCCCGTCGCGGCGGCTGCTTGACTGGGGGGGTCAACAC
